litmus/VULKAN/Cadp/3_simple.litmus,1
litmus/VULKAN/Cadp/7_simple.litmus,1
litmus/VULKAN/Cadp/5_simple.litmus,1
litmus/VULKAN/Cadp/2_simple.litmus,1
litmus/VULKAN/Cadp/6_simple.litmus,1
litmus/VULKAN/Cadp/1_simple.litmus,1
litmus/VULKAN/Cadp/0_simple.litmus,1
litmus/VULKAN/Cadp/4_simple.litmus,1
litmus/VULKAN/Cadp/3_simple.litmus,1
litmus/VULKAN/Cadp/16_simple.litmus,1
litmus/VULKAN/Cadp/12_simple.litmus,1
litmus/VULKAN/Cadp/9_simple.litmus,1
litmus/VULKAN/Cadp/7_simple.litmus,1
litmus/VULKAN/Cadp/13_simple.litmus,1
litmus/VULKAN/Cadp/17_simple.litmus,1
litmus/VULKAN/Cadp/14_simple.litmus,1
litmus/VULKAN/Cadp/10_simple.litmus,1
litmus/VULKAN/Cadp/11_simple.litmus,1
litmus/VULKAN/Cadp/19_simple.litmus,1
litmus/VULKAN/Cadp/18_simple.litmus,1
litmus/VULKAN/Cadp/5_simple.litmus,1
litmus/VULKAN/Cadp/2_simple.litmus,1
litmus/VULKAN/Cadp/6_simple.litmus,1
litmus/VULKAN/Cadp/8_simple.litmus,1
litmus/VULKAN/Cadp/1_simple.litmus,1
litmus/VULKAN/Cadp/0_simple.litmus,1
litmus/VULKAN/Cadp/15_simple.litmus,1
litmus/VULKAN/Cadp/4_simple.litmus,1
litmus/VULKAN/Cadp/20_simple.litmus,1
litmus/VULKAN/Cadp/3_simple.litmus,1
litmus/VULKAN/Cadp/66_simple.litmus,1
litmus/VULKAN/Cadp/91_simple.litmus,1
litmus/VULKAN/Cadp/50_simple.litmus,1
litmus/VULKAN/Cadp/16_simple.litmus,1
litmus/VULKAN/Cadp/52_simple.litmus,1
litmus/VULKAN/Cadp/25_simple.litmus,1
litmus/VULKAN/Cadp/94_simple.litmus,1
litmus/VULKAN/Cadp/76_simple.litmus,1
litmus/VULKAN/Cadp/65_simple.litmus,1
litmus/VULKAN/Cadp/102_simple.litmus,1
litmus/VULKAN/Cadp/28_simple.litmus,1
litmus/VULKAN/Cadp/34_simple.litmus,1
litmus/VULKAN/Cadp/36_simple.litmus,1
litmus/VULKAN/Cadp/12_simple.litmus,1
litmus/VULKAN/Cadp/46_simple.litmus,1
litmus/VULKAN/Cadp/9_simple.litmus,1
litmus/VULKAN/Cadp/71_simple.litmus,1
litmus/VULKAN/Cadp/85_simple.litmus,1
litmus/VULKAN/Cadp/26_simple.litmus,1
litmus/VULKAN/Cadp/35_simple.litmus,1
litmus/VULKAN/Cadp/92_simple.litmus,1
litmus/VULKAN/Cadp/27_simple.litmus,1
litmus/VULKAN/Cadp/62_simple.litmus,1
litmus/VULKAN/Cadp/80_simple.litmus,1
litmus/VULKAN/Cadp/41_simple.litmus,1
litmus/VULKAN/Cadp/24_simple.litmus,1
litmus/VULKAN/Cadp/7_simple.litmus,1
litmus/VULKAN/Cadp/13_simple.litmus,1
litmus/VULKAN/Cadp/17_simple.litmus,1
litmus/VULKAN/Cadp/88_simple.litmus,1
litmus/VULKAN/Cadp/90_simple.litmus,1
litmus/VULKAN/Cadp/60_simple.litmus,1
litmus/VULKAN/Cadp/53_simple.litmus,1
litmus/VULKAN/Cadp/14_simple.litmus,1
litmus/VULKAN/Cadp/45_simple.litmus,1
litmus/VULKAN/Cadp/61_simple.litmus,1
litmus/VULKAN/Cadp/31_simple.litmus,1
litmus/VULKAN/Cadp/101_simple.litmus,1
litmus/VULKAN/Cadp/29_simple.litmus,1
litmus/VULKAN/Cadp/99_simple.litmus,1
litmus/VULKAN/Cadp/89_simple.litmus,1
litmus/VULKAN/Cadp/93_simple.litmus,1
litmus/VULKAN/Cadp/72_simple.litmus,1
litmus/VULKAN/Cadp/10_simple.litmus,1
litmus/VULKAN/Cadp/11_simple.litmus,1
litmus/VULKAN/Cadp/95_simple.litmus,1
litmus/VULKAN/Cadp/68_simple.litmus,1
litmus/VULKAN/Cadp/37_simple.litmus,1
litmus/VULKAN/Cadp/19_simple.litmus,1
litmus/VULKAN/Cadp/96_simple.litmus,1
litmus/VULKAN/Cadp/86_simple.litmus,1
litmus/VULKAN/Cadp/21_simple.litmus,1
litmus/VULKAN/Cadp/22_simple.litmus,1
litmus/VULKAN/Cadp/78_simple.litmus,1
litmus/VULKAN/Cadp/54_simple.litmus,1
litmus/VULKAN/Cadp/18_simple.litmus,1
litmus/VULKAN/Cadp/5_simple.litmus,1
litmus/VULKAN/Cadp/56_simple.litmus,1
litmus/VULKAN/Cadp/44_simple.litmus,1
litmus/VULKAN/Cadp/84_simple.litmus,1
litmus/VULKAN/Cadp/30_simple.litmus,1
litmus/VULKAN/Cadp/81_simple.litmus,1
litmus/VULKAN/Cadp/2_simple.litmus,1
litmus/VULKAN/Cadp/77_simple.litmus,1
litmus/VULKAN/Cadp/63_simple.litmus,1
litmus/VULKAN/Cadp/48_simple.litmus,1
litmus/VULKAN/Cadp/97_simple.litmus,1
litmus/VULKAN/Cadp/6_simple.litmus,1
litmus/VULKAN/Cadp/33_simple.litmus,1
litmus/VULKAN/Cadp/73_simple.litmus,1
litmus/VULKAN/Cadp/39_simple.litmus,1
litmus/VULKAN/Cadp/57_simple.litmus,1
litmus/VULKAN/Cadp/49_simple.litmus,1
litmus/VULKAN/Cadp/8_simple.litmus,1
litmus/VULKAN/Cadp/69_simple.litmus,1
litmus/VULKAN/Cadp/59_simple.litmus,1
litmus/VULKAN/Cadp/79_simple.litmus,1
litmus/VULKAN/Cadp/67_simple.litmus,1
litmus/VULKAN/Cadp/104_simple.litmus,1
litmus/VULKAN/Cadp/1_simple.litmus,1
litmus/VULKAN/Cadp/83_simple.litmus,1
litmus/VULKAN/Cadp/103_simple.litmus,1
litmus/VULKAN/Cadp/40_simple.litmus,1
litmus/VULKAN/Cadp/64_simple.litmus,1
litmus/VULKAN/Cadp/0_simple.litmus,1
litmus/VULKAN/Cadp/55_simple.litmus,1
litmus/VULKAN/Cadp/23_simple.litmus,1
litmus/VULKAN/Cadp/74_simple.litmus,1
litmus/VULKAN/Cadp/47_simple.litmus,1
litmus/VULKAN/Cadp/15_simple.litmus,1
litmus/VULKAN/Cadp/42_simple.litmus,1
litmus/VULKAN/Cadp/100_simple.litmus,1
litmus/VULKAN/Cadp/82_simple.litmus,1
litmus/VULKAN/Cadp/58_simple.litmus,1
litmus/VULKAN/Cadp/70_simple.litmus,1
litmus/VULKAN/Cadp/87_simple.litmus,1
litmus/VULKAN/Cadp/32_simple.litmus,1
litmus/VULKAN/Cadp/51_simple.litmus,1
litmus/VULKAN/Cadp/43_simple.litmus,1
litmus/VULKAN/Cadp/4_simple.litmus,1
litmus/VULKAN/Cadp/38_simple.litmus,1
litmus/VULKAN/Cadp/75_simple.litmus,1
litmus/VULKAN/Cadp/98_simple.litmus,1
litmus/VULKAN/Cadp/20_simple.litmus,1
litmus/VULKAN/Cadp/146_simple.litmus,1
litmus/VULKAN/Cadp/3_simple.litmus,1
litmus/VULKAN/Cadp/66_simple.litmus,1
litmus/VULKAN/Cadp/91_simple.litmus,1
litmus/VULKAN/Cadp/175_simple.litmus,1
litmus/VULKAN/Cadp/109_simple.litmus,1
litmus/VULKAN/Cadp/156_simple.litmus,1
litmus/VULKAN/Cadp/155_simple.litmus,1
litmus/VULKAN/Cadp/141_simple.litmus,1
litmus/VULKAN/Cadp/50_simple.litmus,1
litmus/VULKAN/Cadp/16_simple.litmus,1
litmus/VULKAN/Cadp/52_simple.litmus,1
litmus/VULKAN/Cadp/25_simple.litmus,1
litmus/VULKAN/Cadp/165_simple.litmus,1
litmus/VULKAN/Cadp/131_simple.litmus,1
litmus/VULKAN/Cadp/143_simple.litmus,1
litmus/VULKAN/Cadp/94_simple.litmus,1
litmus/VULKAN/Cadp/137_simple.litmus,1
litmus/VULKAN/Cadp/76_simple.litmus,1
litmus/VULKAN/Cadp/153_simple.litmus,1
litmus/VULKAN/Cadp/65_simple.litmus,1
litmus/VULKAN/Cadp/150_simple.litmus,1
litmus/VULKAN/Cadp/102_simple.litmus,1
litmus/VULKAN/Cadp/112_simple.litmus,1
litmus/VULKAN/Cadp/116_simple.litmus,1
litmus/VULKAN/Cadp/124_simple.litmus,1
litmus/VULKAN/Cadp/28_simple.litmus,1
litmus/VULKAN/Cadp/139_simple.litmus,1
litmus/VULKAN/Cadp/148_simple.litmus,1
litmus/VULKAN/Cadp/115_simple.litmus,1
litmus/VULKAN/Cadp/34_simple.litmus,1
litmus/VULKAN/Cadp/36_simple.litmus,1
litmus/VULKAN/Cadp/12_simple.litmus,1
litmus/VULKAN/Cadp/46_simple.litmus,1
litmus/VULKAN/Cadp/9_simple.litmus,1
litmus/VULKAN/Cadp/135_simple.litmus,1
litmus/VULKAN/Cadp/71_simple.litmus,1
litmus/VULKAN/Cadp/85_simple.litmus,1
litmus/VULKAN/Cadp/142_simple.litmus,1
litmus/VULKAN/Cadp/26_simple.litmus,1
litmus/VULKAN/Cadp/35_simple.litmus,1
litmus/VULKAN/Cadp/92_simple.litmus,1
litmus/VULKAN/Cadp/120_simple.litmus,1
litmus/VULKAN/Cadp/129_simple.litmus,1
litmus/VULKAN/Cadp/138_simple.litmus,1
litmus/VULKAN/Cadp/27_simple.litmus,1
litmus/VULKAN/Cadp/161_simple.litmus,1
litmus/VULKAN/Cadp/62_simple.litmus,1
litmus/VULKAN/Cadp/80_simple.litmus,1
litmus/VULKAN/Cadp/41_simple.litmus,1
litmus/VULKAN/Cadp/24_simple.litmus,1
litmus/VULKAN/Cadp/7_simple.litmus,1
litmus/VULKAN/Cadp/13_simple.litmus,1
litmus/VULKAN/Cadp/17_simple.litmus,1
litmus/VULKAN/Cadp/111_simple.litmus,1
litmus/VULKAN/Cadp/123_simple.litmus,1
litmus/VULKAN/Cadp/151_simple.litmus,1
litmus/VULKAN/Cadp/88_simple.litmus,1
litmus/VULKAN/Cadp/90_simple.litmus,1
litmus/VULKAN/Cadp/157_simple.litmus,1
litmus/VULKAN/Cadp/128_simple.litmus,1
litmus/VULKAN/Cadp/118_simple.litmus,1
litmus/VULKAN/Cadp/60_simple.litmus,1
litmus/VULKAN/Cadp/166_simple.litmus,1
litmus/VULKAN/Cadp/149_simple.litmus,1
litmus/VULKAN/Cadp/53_simple.litmus,1
litmus/VULKAN/Cadp/14_simple.litmus,1
litmus/VULKAN/Cadp/113_simple.litmus,1
litmus/VULKAN/Cadp/45_simple.litmus,1
litmus/VULKAN/Cadp/61_simple.litmus,1
litmus/VULKAN/Cadp/152_simple.litmus,1
litmus/VULKAN/Cadp/31_simple.litmus,1
litmus/VULKAN/Cadp/101_simple.litmus,1
litmus/VULKAN/Cadp/130_simple.litmus,1
litmus/VULKAN/Cadp/29_simple.litmus,1
litmus/VULKAN/Cadp/132_simple.litmus,1
litmus/VULKAN/Cadp/99_simple.litmus,1
litmus/VULKAN/Cadp/125_simple.litmus,1
litmus/VULKAN/Cadp/89_simple.litmus,1
litmus/VULKAN/Cadp/93_simple.litmus,1
litmus/VULKAN/Cadp/72_simple.litmus,1
litmus/VULKAN/Cadp/173_simple.litmus,1
litmus/VULKAN/Cadp/10_simple.litmus,1
litmus/VULKAN/Cadp/11_simple.litmus,1
litmus/VULKAN/Cadp/158_simple.litmus,1
litmus/VULKAN/Cadp/95_simple.litmus,1
litmus/VULKAN/Cadp/68_simple.litmus,1
litmus/VULKAN/Cadp/37_simple.litmus,1
litmus/VULKAN/Cadp/19_simple.litmus,1
litmus/VULKAN/Cadp/96_simple.litmus,1
litmus/VULKAN/Cadp/86_simple.litmus,1
litmus/VULKAN/Cadp/21_simple.litmus,1
litmus/VULKAN/Cadp/22_simple.litmus,1
litmus/VULKAN/Cadp/171_simple.litmus,1
litmus/VULKAN/Cadp/78_simple.litmus,1
litmus/VULKAN/Cadp/162_simple.litmus,1
litmus/VULKAN/Cadp/117_simple.litmus,1
litmus/VULKAN/Cadp/54_simple.litmus,1
litmus/VULKAN/Cadp/18_simple.litmus,1
litmus/VULKAN/Cadp/5_simple.litmus,1
litmus/VULKAN/Cadp/147_simple.litmus,1
litmus/VULKAN/Cadp/56_simple.litmus,1
litmus/VULKAN/Cadp/44_simple.litmus,1
litmus/VULKAN/Cadp/84_simple.litmus,1
litmus/VULKAN/Cadp/169_simple.litmus,1
litmus/VULKAN/Cadp/140_simple.litmus,1
litmus/VULKAN/Cadp/106_simple.litmus,1
litmus/VULKAN/Cadp/30_simple.litmus,1
litmus/VULKAN/Cadp/81_simple.litmus,1
litmus/VULKAN/Cadp/2_simple.litmus,1
litmus/VULKAN/Cadp/159_simple.litmus,1
litmus/VULKAN/Cadp/77_simple.litmus,1
litmus/VULKAN/Cadp/63_simple.litmus,1
litmus/VULKAN/Cadp/163_simple.litmus,1
litmus/VULKAN/Cadp/48_simple.litmus,1
litmus/VULKAN/Cadp/97_simple.litmus,1
litmus/VULKAN/Cadp/6_simple.litmus,1
litmus/VULKAN/Cadp/33_simple.litmus,1
litmus/VULKAN/Cadp/73_simple.litmus,1
litmus/VULKAN/Cadp/39_simple.litmus,1
litmus/VULKAN/Cadp/57_simple.litmus,1
litmus/VULKAN/Cadp/144_simple.litmus,1
litmus/VULKAN/Cadp/49_simple.litmus,1
litmus/VULKAN/Cadp/8_simple.litmus,1
litmus/VULKAN/Cadp/69_simple.litmus,1
litmus/VULKAN/Cadp/59_simple.litmus,1
litmus/VULKAN/Cadp/79_simple.litmus,1
litmus/VULKAN/Cadp/67_simple.litmus,1
litmus/VULKAN/Cadp/114_simple.litmus,1
litmus/VULKAN/Cadp/104_simple.litmus,1
litmus/VULKAN/Cadp/122_simple.litmus,1
litmus/VULKAN/Cadp/134_simple.litmus,1
litmus/VULKAN/Cadp/1_simple.litmus,1
litmus/VULKAN/Cadp/83_simple.litmus,1
litmus/VULKAN/Cadp/105_simple.litmus,1
litmus/VULKAN/Cadp/103_simple.litmus,1
litmus/VULKAN/Cadp/40_simple.litmus,1
litmus/VULKAN/Cadp/107_simple.litmus,1
litmus/VULKAN/Cadp/64_simple.litmus,1
litmus/VULKAN/Cadp/0_simple.litmus,1
litmus/VULKAN/Cadp/160_simple.litmus,1
litmus/VULKAN/Cadp/55_simple.litmus,1
litmus/VULKAN/Cadp/133_simple.litmus,1
litmus/VULKAN/Cadp/23_simple.litmus,1
litmus/VULKAN/Cadp/74_simple.litmus,1
litmus/VULKAN/Cadp/47_simple.litmus,1
litmus/VULKAN/Cadp/15_simple.litmus,1
litmus/VULKAN/Cadp/126_simple.litmus,1
litmus/VULKAN/Cadp/168_simple.litmus,1
litmus/VULKAN/Cadp/42_simple.litmus,1
litmus/VULKAN/Cadp/110_simple.litmus,1
litmus/VULKAN/Cadp/145_simple.litmus,1
litmus/VULKAN/Cadp/167_simple.litmus,1
litmus/VULKAN/Cadp/100_simple.litmus,1
litmus/VULKAN/Cadp/82_simple.litmus,1
litmus/VULKAN/Cadp/58_simple.litmus,1
litmus/VULKAN/Cadp/70_simple.litmus,1
litmus/VULKAN/Cadp/87_simple.litmus,1
litmus/VULKAN/Cadp/119_simple.litmus,1
litmus/VULKAN/Cadp/32_simple.litmus,1
litmus/VULKAN/Cadp/51_simple.litmus,1
litmus/VULKAN/Cadp/154_simple.litmus,1
litmus/VULKAN/Cadp/43_simple.litmus,1
litmus/VULKAN/Cadp/170_simple.litmus,1
litmus/VULKAN/Cadp/4_simple.litmus,1
litmus/VULKAN/Cadp/127_simple.litmus,1
litmus/VULKAN/Cadp/38_simple.litmus,1
litmus/VULKAN/Cadp/164_simple.litmus,1
litmus/VULKAN/Cadp/75_simple.litmus,1
litmus/VULKAN/Cadp/121_simple.litmus,1
litmus/VULKAN/Cadp/98_simple.litmus,1
litmus/VULKAN/Cadp/136_simple.litmus,1
litmus/VULKAN/Cadp/20_simple.litmus,1
litmus/VULKAN/Cadp/174_simple.litmus,1
litmus/VULKAN/Cadp/108_simple.litmus,1
litmus/VULKAN/Cadp/172_simple.litmus,1
litmus/VULKAN/Cadp/146_simple.litmus,1
litmus/VULKAN/Cadp/3_simple.litmus,1
litmus/VULKAN/Cadp/66_simple.litmus,1
litmus/VULKAN/Cadp/91_simple.litmus,1
litmus/VULKAN/Cadp/109_simple.litmus,1
litmus/VULKAN/Cadp/156_simple.litmus,1
litmus/VULKAN/Cadp/155_simple.litmus,1
litmus/VULKAN/Cadp/141_simple.litmus,1
litmus/VULKAN/Cadp/50_simple.litmus,1
litmus/VULKAN/Cadp/16_simple.litmus,1
litmus/VULKAN/Cadp/52_simple.litmus,1
litmus/VULKAN/Cadp/25_simple.litmus,1
litmus/VULKAN/Cadp/165_simple.litmus,1
litmus/VULKAN/Cadp/131_simple.litmus,1
litmus/VULKAN/Cadp/143_simple.litmus,1
litmus/VULKAN/Cadp/94_simple.litmus,1
litmus/VULKAN/Cadp/137_simple.litmus,1
litmus/VULKAN/Cadp/76_simple.litmus,1
litmus/VULKAN/Cadp/153_simple.litmus,1
litmus/VULKAN/Cadp/65_simple.litmus,1
litmus/VULKAN/Cadp/150_simple.litmus,1
litmus/VULKAN/Cadp/102_simple.litmus,1
litmus/VULKAN/Cadp/112_simple.litmus,1
litmus/VULKAN/Cadp/116_simple.litmus,1
litmus/VULKAN/Cadp/124_simple.litmus,1
litmus/VULKAN/Cadp/28_simple.litmus,1
litmus/VULKAN/Cadp/139_simple.litmus,1
litmus/VULKAN/Cadp/148_simple.litmus,1
litmus/VULKAN/Cadp/115_simple.litmus,1
litmus/VULKAN/Cadp/34_simple.litmus,1
litmus/VULKAN/Cadp/36_simple.litmus,1
litmus/VULKAN/Cadp/12_simple.litmus,1
litmus/VULKAN/Cadp/46_simple.litmus,1
litmus/VULKAN/Cadp/9_simple.litmus,1
litmus/VULKAN/Cadp/135_simple.litmus,1
litmus/VULKAN/Cadp/71_simple.litmus,1
litmus/VULKAN/Cadp/85_simple.litmus,1
litmus/VULKAN/Cadp/142_simple.litmus,1
litmus/VULKAN/Cadp/26_simple.litmus,1
litmus/VULKAN/Cadp/35_simple.litmus,1
litmus/VULKAN/Cadp/92_simple.litmus,1
litmus/VULKAN/Cadp/120_simple.litmus,1
litmus/VULKAN/Cadp/129_simple.litmus,1
litmus/VULKAN/Cadp/138_simple.litmus,1
litmus/VULKAN/Cadp/27_simple.litmus,1
litmus/VULKAN/Cadp/161_simple.litmus,1
litmus/VULKAN/Cadp/62_simple.litmus,1
litmus/VULKAN/Cadp/80_simple.litmus,1
litmus/VULKAN/Cadp/41_simple.litmus,1
litmus/VULKAN/Cadp/24_simple.litmus,1
litmus/VULKAN/Cadp/7_simple.litmus,1
litmus/VULKAN/Cadp/13_simple.litmus,1
litmus/VULKAN/Cadp/17_simple.litmus,1
litmus/VULKAN/Cadp/111_simple.litmus,1
litmus/VULKAN/Cadp/123_simple.litmus,1
litmus/VULKAN/Cadp/151_simple.litmus,1
litmus/VULKAN/Cadp/88_simple.litmus,1
litmus/VULKAN/Cadp/90_simple.litmus,1
litmus/VULKAN/Cadp/157_simple.litmus,1
litmus/VULKAN/Cadp/128_simple.litmus,1
litmus/VULKAN/Cadp/118_simple.litmus,1
litmus/VULKAN/Cadp/60_simple.litmus,1
litmus/VULKAN/Cadp/166_simple.litmus,1
litmus/VULKAN/Cadp/149_simple.litmus,1
litmus/VULKAN/Cadp/53_simple.litmus,1
litmus/VULKAN/Cadp/14_simple.litmus,1
litmus/VULKAN/Cadp/113_simple.litmus,1
litmus/VULKAN/Cadp/45_simple.litmus,1
litmus/VULKAN/Cadp/61_simple.litmus,1
litmus/VULKAN/Cadp/152_simple.litmus,1
litmus/VULKAN/Cadp/31_simple.litmus,1
litmus/VULKAN/Cadp/101_simple.litmus,1
litmus/VULKAN/Cadp/130_simple.litmus,1
litmus/VULKAN/Cadp/29_simple.litmus,1
litmus/VULKAN/Cadp/132_simple.litmus,1
litmus/VULKAN/Cadp/99_simple.litmus,1
litmus/VULKAN/Cadp/125_simple.litmus,1
litmus/VULKAN/Cadp/89_simple.litmus,1
litmus/VULKAN/Cadp/93_simple.litmus,1
litmus/VULKAN/Cadp/72_simple.litmus,1
litmus/VULKAN/Cadp/10_simple.litmus,1
litmus/VULKAN/Cadp/11_simple.litmus,1
litmus/VULKAN/Cadp/158_simple.litmus,1
litmus/VULKAN/Cadp/95_simple.litmus,1
litmus/VULKAN/Cadp/68_simple.litmus,1
litmus/VULKAN/Cadp/37_simple.litmus,1
litmus/VULKAN/Cadp/19_simple.litmus,1
litmus/VULKAN/Cadp/96_simple.litmus,1
litmus/VULKAN/Cadp/86_simple.litmus,1
litmus/VULKAN/Cadp/21_simple.litmus,1
litmus/VULKAN/Cadp/22_simple.litmus,1
litmus/VULKAN/Cadp/171_simple.litmus,1
litmus/VULKAN/Cadp/78_simple.litmus,1
litmus/VULKAN/Cadp/162_simple.litmus,1
litmus/VULKAN/Cadp/117_simple.litmus,1
litmus/VULKAN/Cadp/54_simple.litmus,1
litmus/VULKAN/Cadp/18_simple.litmus,1
litmus/VULKAN/Cadp/5_simple.litmus,1
litmus/VULKAN/Cadp/147_simple.litmus,1
litmus/VULKAN/Cadp/56_simple.litmus,1
litmus/VULKAN/Cadp/44_simple.litmus,1
litmus/VULKAN/Cadp/84_simple.litmus,1
litmus/VULKAN/Cadp/169_simple.litmus,1
litmus/VULKAN/Cadp/140_simple.litmus,1
litmus/VULKAN/Cadp/106_simple.litmus,1
litmus/VULKAN/Cadp/30_simple.litmus,1
litmus/VULKAN/Cadp/81_simple.litmus,1
litmus/VULKAN/Cadp/2_simple.litmus,1
litmus/VULKAN/Cadp/159_simple.litmus,1
litmus/VULKAN/Cadp/77_simple.litmus,1
litmus/VULKAN/Cadp/63_simple.litmus,1
litmus/VULKAN/Cadp/163_simple.litmus,1
litmus/VULKAN/Cadp/48_simple.litmus,1
litmus/VULKAN/Cadp/97_simple.litmus,1
litmus/VULKAN/Cadp/6_simple.litmus,1
litmus/VULKAN/Cadp/33_simple.litmus,1
litmus/VULKAN/Cadp/73_simple.litmus,1
litmus/VULKAN/Cadp/39_simple.litmus,1
litmus/VULKAN/Cadp/57_simple.litmus,1
litmus/VULKAN/Cadp/144_simple.litmus,1
litmus/VULKAN/Cadp/49_simple.litmus,1
litmus/VULKAN/Cadp/8_simple.litmus,1
litmus/VULKAN/Cadp/69_simple.litmus,1
litmus/VULKAN/Cadp/59_simple.litmus,1
litmus/VULKAN/Cadp/79_simple.litmus,1
litmus/VULKAN/Cadp/67_simple.litmus,1
litmus/VULKAN/Cadp/114_simple.litmus,1
litmus/VULKAN/Cadp/104_simple.litmus,1
litmus/VULKAN/Cadp/122_simple.litmus,1
litmus/VULKAN/Cadp/134_simple.litmus,1
litmus/VULKAN/Cadp/1_simple.litmus,1
litmus/VULKAN/Cadp/83_simple.litmus,1
litmus/VULKAN/Cadp/105_simple.litmus,1
litmus/VULKAN/Cadp/103_simple.litmus,1
litmus/VULKAN/Cadp/40_simple.litmus,1
litmus/VULKAN/Cadp/107_simple.litmus,1
litmus/VULKAN/Cadp/64_simple.litmus,1
litmus/VULKAN/Cadp/0_simple.litmus,1
litmus/VULKAN/Cadp/160_simple.litmus,1
litmus/VULKAN/Cadp/55_simple.litmus,1
litmus/VULKAN/Cadp/133_simple.litmus,1
litmus/VULKAN/Cadp/23_simple.litmus,1
litmus/VULKAN/Cadp/74_simple.litmus,1
litmus/VULKAN/Cadp/47_simple.litmus,1
litmus/VULKAN/Cadp/15_simple.litmus,1
litmus/VULKAN/Cadp/126_simple.litmus,1
litmus/VULKAN/Cadp/168_simple.litmus,1
litmus/VULKAN/Cadp/42_simple.litmus,1
litmus/VULKAN/Cadp/110_simple.litmus,1
litmus/VULKAN/Cadp/145_simple.litmus,1
litmus/VULKAN/Cadp/167_simple.litmus,1
litmus/VULKAN/Cadp/100_simple.litmus,1
litmus/VULKAN/Cadp/82_simple.litmus,1
litmus/VULKAN/Cadp/58_simple.litmus,1
litmus/VULKAN/Cadp/70_simple.litmus,1
litmus/VULKAN/Cadp/87_simple.litmus,1
litmus/VULKAN/Cadp/119_simple.litmus,1
litmus/VULKAN/Cadp/32_simple.litmus,1
litmus/VULKAN/Cadp/51_simple.litmus,1
litmus/VULKAN/Cadp/154_simple.litmus,1
litmus/VULKAN/Cadp/43_simple.litmus,1
litmus/VULKAN/Cadp/170_simple.litmus,1
litmus/VULKAN/Cadp/4_simple.litmus,1
litmus/VULKAN/Cadp/127_simple.litmus,1
litmus/VULKAN/Cadp/38_simple.litmus,1
litmus/VULKAN/Cadp/164_simple.litmus,1
litmus/VULKAN/Cadp/75_simple.litmus,1
litmus/VULKAN/Cadp/121_simple.litmus,1
litmus/VULKAN/Cadp/98_simple.litmus,1
litmus/VULKAN/Cadp/136_simple.litmus,1
litmus/VULKAN/Cadp/20_simple.litmus,1
litmus/VULKAN/Cadp/108_simple.litmus,1
litmus/VULKAN/Cadp/172_simple.litmus,1
