litmus/PTX/Cadp/3_simple.litmus,1
litmus/PTX/Cadp/7_simple.litmus,1
litmus/PTX/Cadp/5_simple.litmus,1
litmus/PTX/Cadp/2_simple.litmus,1
litmus/PTX/Cadp/6_simple.litmus,1
litmus/PTX/Cadp/1_simple.litmus,1
litmus/PTX/Cadp/0_simple.litmus,1
litmus/PTX/Cadp/4_simple.litmus,1
litmus/PTX/Cadp/3_simple.litmus,1
litmus/PTX/Cadp/16_simple.litmus,1
litmus/PTX/Cadp/12_simple.litmus,1
litmus/PTX/Cadp/9_simple.litmus,1
litmus/PTX/Cadp/7_simple.litmus,1
litmus/PTX/Cadp/13_simple.litmus,1
litmus/PTX/Cadp/17_simple.litmus,1
litmus/PTX/Cadp/14_simple.litmus,1
litmus/PTX/Cadp/10_simple.litmus,1
litmus/PTX/Cadp/11_simple.litmus,1
litmus/PTX/Cadp/19_simple.litmus,1
litmus/PTX/Cadp/18_simple.litmus,1
litmus/PTX/Cadp/5_simple.litmus,1
litmus/PTX/Cadp/2_simple.litmus,1
litmus/PTX/Cadp/6_simple.litmus,1
litmus/PTX/Cadp/8_simple.litmus,1
litmus/PTX/Cadp/1_simple.litmus,1
litmus/PTX/Cadp/0_simple.litmus,1
litmus/PTX/Cadp/15_simple.litmus,1
litmus/PTX/Cadp/4_simple.litmus,1
litmus/PTX/Cadp/20_simple.litmus,1
litmus/PTX/Cadp/3_simple.litmus,1
litmus/PTX/Cadp/66_simple.litmus,1
litmus/PTX/Cadp/91_simple.litmus,1
litmus/PTX/Cadp/50_simple.litmus,1
litmus/PTX/Cadp/16_simple.litmus,1
litmus/PTX/Cadp/52_simple.litmus,1
litmus/PTX/Cadp/25_simple.litmus,1
litmus/PTX/Cadp/94_simple.litmus,1
litmus/PTX/Cadp/76_simple.litmus,1
litmus/PTX/Cadp/65_simple.litmus,1
litmus/PTX/Cadp/102_simple.litmus,1
litmus/PTX/Cadp/28_simple.litmus,1
litmus/PTX/Cadp/34_simple.litmus,1
litmus/PTX/Cadp/36_simple.litmus,1
litmus/PTX/Cadp/12_simple.litmus,1
litmus/PTX/Cadp/46_simple.litmus,1
litmus/PTX/Cadp/9_simple.litmus,1
litmus/PTX/Cadp/71_simple.litmus,1
litmus/PTX/Cadp/85_simple.litmus,1
litmus/PTX/Cadp/26_simple.litmus,1
litmus/PTX/Cadp/35_simple.litmus,1
litmus/PTX/Cadp/92_simple.litmus,1
litmus/PTX/Cadp/27_simple.litmus,1
litmus/PTX/Cadp/62_simple.litmus,1
litmus/PTX/Cadp/80_simple.litmus,1
litmus/PTX/Cadp/41_simple.litmus,1
litmus/PTX/Cadp/24_simple.litmus,1
litmus/PTX/Cadp/7_simple.litmus,1
litmus/PTX/Cadp/13_simple.litmus,1
litmus/PTX/Cadp/17_simple.litmus,1
litmus/PTX/Cadp/88_simple.litmus,1
litmus/PTX/Cadp/90_simple.litmus,1
litmus/PTX/Cadp/60_simple.litmus,1
litmus/PTX/Cadp/53_simple.litmus,1
litmus/PTX/Cadp/14_simple.litmus,1
litmus/PTX/Cadp/45_simple.litmus,1
litmus/PTX/Cadp/61_simple.litmus,1
litmus/PTX/Cadp/31_simple.litmus,1
litmus/PTX/Cadp/101_simple.litmus,1
litmus/PTX/Cadp/29_simple.litmus,1
litmus/PTX/Cadp/99_simple.litmus,1
litmus/PTX/Cadp/89_simple.litmus,1
litmus/PTX/Cadp/93_simple.litmus,1
litmus/PTX/Cadp/72_simple.litmus,1
litmus/PTX/Cadp/10_simple.litmus,1
litmus/PTX/Cadp/11_simple.litmus,1
litmus/PTX/Cadp/95_simple.litmus,1
litmus/PTX/Cadp/68_simple.litmus,1
litmus/PTX/Cadp/37_simple.litmus,1
litmus/PTX/Cadp/19_simple.litmus,1
litmus/PTX/Cadp/96_simple.litmus,1
litmus/PTX/Cadp/86_simple.litmus,1
litmus/PTX/Cadp/21_simple.litmus,1
litmus/PTX/Cadp/22_simple.litmus,1
litmus/PTX/Cadp/78_simple.litmus,1
litmus/PTX/Cadp/54_simple.litmus,1
litmus/PTX/Cadp/18_simple.litmus,1
litmus/PTX/Cadp/5_simple.litmus,1
litmus/PTX/Cadp/56_simple.litmus,1
litmus/PTX/Cadp/44_simple.litmus,1
litmus/PTX/Cadp/84_simple.litmus,1
litmus/PTX/Cadp/30_simple.litmus,1
litmus/PTX/Cadp/81_simple.litmus,1
litmus/PTX/Cadp/2_simple.litmus,1
litmus/PTX/Cadp/77_simple.litmus,1
litmus/PTX/Cadp/63_simple.litmus,1
litmus/PTX/Cadp/48_simple.litmus,1
litmus/PTX/Cadp/97_simple.litmus,1
litmus/PTX/Cadp/6_simple.litmus,1
litmus/PTX/Cadp/33_simple.litmus,1
litmus/PTX/Cadp/73_simple.litmus,1
litmus/PTX/Cadp/39_simple.litmus,1
litmus/PTX/Cadp/57_simple.litmus,1
litmus/PTX/Cadp/49_simple.litmus,1
litmus/PTX/Cadp/8_simple.litmus,1
litmus/PTX/Cadp/69_simple.litmus,1
litmus/PTX/Cadp/59_simple.litmus,1
litmus/PTX/Cadp/79_simple.litmus,1
litmus/PTX/Cadp/67_simple.litmus,1
litmus/PTX/Cadp/104_simple.litmus,1
litmus/PTX/Cadp/1_simple.litmus,1
litmus/PTX/Cadp/83_simple.litmus,1
litmus/PTX/Cadp/103_simple.litmus,1
litmus/PTX/Cadp/40_simple.litmus,1
litmus/PTX/Cadp/64_simple.litmus,1
litmus/PTX/Cadp/0_simple.litmus,1
litmus/PTX/Cadp/55_simple.litmus,1
litmus/PTX/Cadp/23_simple.litmus,1
litmus/PTX/Cadp/74_simple.litmus,1
litmus/PTX/Cadp/47_simple.litmus,1
litmus/PTX/Cadp/15_simple.litmus,1
litmus/PTX/Cadp/42_simple.litmus,1
litmus/PTX/Cadp/100_simple.litmus,1
litmus/PTX/Cadp/82_simple.litmus,1
litmus/PTX/Cadp/58_simple.litmus,1
litmus/PTX/Cadp/70_simple.litmus,1
litmus/PTX/Cadp/87_simple.litmus,1
litmus/PTX/Cadp/32_simple.litmus,1
litmus/PTX/Cadp/51_simple.litmus,1
litmus/PTX/Cadp/43_simple.litmus,1
litmus/PTX/Cadp/4_simple.litmus,1
litmus/PTX/Cadp/38_simple.litmus,1
litmus/PTX/Cadp/75_simple.litmus,1
litmus/PTX/Cadp/98_simple.litmus,1
litmus/PTX/Cadp/20_simple.litmus,1
litmus/PTX/Cadp/146_simple.litmus,1
litmus/PTX/Cadp/3_simple.litmus,1
litmus/PTX/Cadp/66_simple.litmus,1
litmus/PTX/Cadp/91_simple.litmus,1
litmus/PTX/Cadp/175_simple.litmus,1
litmus/PTX/Cadp/109_simple.litmus,1
litmus/PTX/Cadp/156_simple.litmus,1
litmus/PTX/Cadp/155_simple.litmus,1
litmus/PTX/Cadp/141_simple.litmus,1
litmus/PTX/Cadp/50_simple.litmus,1
litmus/PTX/Cadp/16_simple.litmus,1
litmus/PTX/Cadp/52_simple.litmus,1
litmus/PTX/Cadp/25_simple.litmus,1
litmus/PTX/Cadp/165_simple.litmus,1
litmus/PTX/Cadp/131_simple.litmus,1
litmus/PTX/Cadp/143_simple.litmus,1
litmus/PTX/Cadp/94_simple.litmus,1
litmus/PTX/Cadp/137_simple.litmus,1
litmus/PTX/Cadp/76_simple.litmus,1
litmus/PTX/Cadp/153_simple.litmus,1
litmus/PTX/Cadp/65_simple.litmus,1
litmus/PTX/Cadp/150_simple.litmus,1
litmus/PTX/Cadp/102_simple.litmus,1
litmus/PTX/Cadp/112_simple.litmus,1
litmus/PTX/Cadp/116_simple.litmus,1
litmus/PTX/Cadp/124_simple.litmus,1
litmus/PTX/Cadp/28_simple.litmus,1
litmus/PTX/Cadp/139_simple.litmus,1
litmus/PTX/Cadp/148_simple.litmus,1
litmus/PTX/Cadp/115_simple.litmus,1
litmus/PTX/Cadp/34_simple.litmus,1
litmus/PTX/Cadp/36_simple.litmus,1
litmus/PTX/Cadp/12_simple.litmus,1
litmus/PTX/Cadp/46_simple.litmus,1
litmus/PTX/Cadp/9_simple.litmus,1
litmus/PTX/Cadp/135_simple.litmus,1
litmus/PTX/Cadp/71_simple.litmus,1
litmus/PTX/Cadp/85_simple.litmus,1
litmus/PTX/Cadp/142_simple.litmus,1
litmus/PTX/Cadp/26_simple.litmus,1
litmus/PTX/Cadp/35_simple.litmus,1
litmus/PTX/Cadp/92_simple.litmus,1
litmus/PTX/Cadp/120_simple.litmus,1
litmus/PTX/Cadp/129_simple.litmus,1
litmus/PTX/Cadp/138_simple.litmus,1
litmus/PTX/Cadp/27_simple.litmus,1
litmus/PTX/Cadp/161_simple.litmus,1
litmus/PTX/Cadp/62_simple.litmus,1
litmus/PTX/Cadp/80_simple.litmus,1
litmus/PTX/Cadp/41_simple.litmus,1
litmus/PTX/Cadp/24_simple.litmus,1
litmus/PTX/Cadp/7_simple.litmus,1
litmus/PTX/Cadp/13_simple.litmus,1
litmus/PTX/Cadp/17_simple.litmus,1
litmus/PTX/Cadp/111_simple.litmus,1
litmus/PTX/Cadp/123_simple.litmus,1
litmus/PTX/Cadp/151_simple.litmus,1
litmus/PTX/Cadp/88_simple.litmus,1
litmus/PTX/Cadp/90_simple.litmus,1
litmus/PTX/Cadp/157_simple.litmus,1
litmus/PTX/Cadp/128_simple.litmus,1
litmus/PTX/Cadp/118_simple.litmus,1
litmus/PTX/Cadp/60_simple.litmus,1
litmus/PTX/Cadp/166_simple.litmus,1
litmus/PTX/Cadp/149_simple.litmus,1
litmus/PTX/Cadp/53_simple.litmus,1
litmus/PTX/Cadp/14_simple.litmus,1
litmus/PTX/Cadp/113_simple.litmus,1
litmus/PTX/Cadp/45_simple.litmus,1
litmus/PTX/Cadp/61_simple.litmus,1
litmus/PTX/Cadp/152_simple.litmus,1
litmus/PTX/Cadp/31_simple.litmus,1
litmus/PTX/Cadp/101_simple.litmus,1
litmus/PTX/Cadp/130_simple.litmus,1
litmus/PTX/Cadp/29_simple.litmus,1
litmus/PTX/Cadp/132_simple.litmus,1
litmus/PTX/Cadp/99_simple.litmus,1
litmus/PTX/Cadp/125_simple.litmus,1
litmus/PTX/Cadp/89_simple.litmus,1
litmus/PTX/Cadp/93_simple.litmus,1
litmus/PTX/Cadp/72_simple.litmus,1
litmus/PTX/Cadp/173_simple.litmus,1
litmus/PTX/Cadp/10_simple.litmus,1
litmus/PTX/Cadp/11_simple.litmus,1
litmus/PTX/Cadp/158_simple.litmus,1
litmus/PTX/Cadp/95_simple.litmus,1
litmus/PTX/Cadp/68_simple.litmus,1
litmus/PTX/Cadp/37_simple.litmus,1
litmus/PTX/Cadp/19_simple.litmus,1
litmus/PTX/Cadp/96_simple.litmus,1
litmus/PTX/Cadp/86_simple.litmus,1
litmus/PTX/Cadp/21_simple.litmus,1
litmus/PTX/Cadp/22_simple.litmus,1
litmus/PTX/Cadp/171_simple.litmus,1
litmus/PTX/Cadp/78_simple.litmus,1
litmus/PTX/Cadp/162_simple.litmus,1
litmus/PTX/Cadp/117_simple.litmus,1
litmus/PTX/Cadp/54_simple.litmus,1
litmus/PTX/Cadp/18_simple.litmus,1
litmus/PTX/Cadp/5_simple.litmus,1
litmus/PTX/Cadp/147_simple.litmus,1
litmus/PTX/Cadp/56_simple.litmus,1
litmus/PTX/Cadp/44_simple.litmus,1
litmus/PTX/Cadp/84_simple.litmus,1
litmus/PTX/Cadp/169_simple.litmus,1
litmus/PTX/Cadp/140_simple.litmus,1
litmus/PTX/Cadp/106_simple.litmus,1
litmus/PTX/Cadp/30_simple.litmus,1
litmus/PTX/Cadp/81_simple.litmus,1
litmus/PTX/Cadp/2_simple.litmus,1
litmus/PTX/Cadp/159_simple.litmus,1
litmus/PTX/Cadp/77_simple.litmus,1
litmus/PTX/Cadp/63_simple.litmus,1
litmus/PTX/Cadp/163_simple.litmus,1
litmus/PTX/Cadp/48_simple.litmus,1
litmus/PTX/Cadp/97_simple.litmus,1
litmus/PTX/Cadp/6_simple.litmus,1
litmus/PTX/Cadp/33_simple.litmus,1
litmus/PTX/Cadp/73_simple.litmus,1
litmus/PTX/Cadp/39_simple.litmus,1
litmus/PTX/Cadp/57_simple.litmus,1
litmus/PTX/Cadp/144_simple.litmus,1
litmus/PTX/Cadp/49_simple.litmus,1
litmus/PTX/Cadp/8_simple.litmus,1
litmus/PTX/Cadp/69_simple.litmus,1
litmus/PTX/Cadp/59_simple.litmus,1
litmus/PTX/Cadp/79_simple.litmus,1
litmus/PTX/Cadp/67_simple.litmus,1
litmus/PTX/Cadp/114_simple.litmus,1
litmus/PTX/Cadp/104_simple.litmus,1
litmus/PTX/Cadp/122_simple.litmus,1
litmus/PTX/Cadp/134_simple.litmus,1
litmus/PTX/Cadp/1_simple.litmus,1
litmus/PTX/Cadp/83_simple.litmus,1
litmus/PTX/Cadp/105_simple.litmus,1
litmus/PTX/Cadp/103_simple.litmus,1
litmus/PTX/Cadp/40_simple.litmus,1
litmus/PTX/Cadp/107_simple.litmus,1
litmus/PTX/Cadp/64_simple.litmus,1
litmus/PTX/Cadp/0_simple.litmus,1
litmus/PTX/Cadp/160_simple.litmus,1
litmus/PTX/Cadp/55_simple.litmus,1
litmus/PTX/Cadp/133_simple.litmus,1
litmus/PTX/Cadp/23_simple.litmus,1
litmus/PTX/Cadp/74_simple.litmus,1
litmus/PTX/Cadp/47_simple.litmus,1
litmus/PTX/Cadp/15_simple.litmus,1
litmus/PTX/Cadp/126_simple.litmus,1
litmus/PTX/Cadp/168_simple.litmus,1
litmus/PTX/Cadp/42_simple.litmus,1
litmus/PTX/Cadp/110_simple.litmus,1
litmus/PTX/Cadp/145_simple.litmus,1
litmus/PTX/Cadp/167_simple.litmus,1
litmus/PTX/Cadp/100_simple.litmus,1
litmus/PTX/Cadp/82_simple.litmus,1
litmus/PTX/Cadp/58_simple.litmus,1
litmus/PTX/Cadp/70_simple.litmus,1
litmus/PTX/Cadp/87_simple.litmus,1
litmus/PTX/Cadp/119_simple.litmus,1
litmus/PTX/Cadp/32_simple.litmus,1
litmus/PTX/Cadp/51_simple.litmus,1
litmus/PTX/Cadp/154_simple.litmus,1
litmus/PTX/Cadp/43_simple.litmus,1
litmus/PTX/Cadp/170_simple.litmus,1
litmus/PTX/Cadp/4_simple.litmus,1
litmus/PTX/Cadp/127_simple.litmus,1
litmus/PTX/Cadp/38_simple.litmus,1
litmus/PTX/Cadp/164_simple.litmus,1
litmus/PTX/Cadp/75_simple.litmus,1
litmus/PTX/Cadp/121_simple.litmus,1
litmus/PTX/Cadp/98_simple.litmus,1
litmus/PTX/Cadp/136_simple.litmus,1
litmus/PTX/Cadp/20_simple.litmus,1
litmus/PTX/Cadp/174_simple.litmus,1
litmus/PTX/Cadp/108_simple.litmus,1
litmus/PTX/Cadp/172_simple.litmus,1
litmus/PTX/Cadp/146_simple.litmus,1
litmus/PTX/Cadp/3_simple.litmus,1
litmus/PTX/Cadp/66_simple.litmus,1
litmus/PTX/Cadp/91_simple.litmus,1
litmus/PTX/Cadp/109_simple.litmus,1
litmus/PTX/Cadp/156_simple.litmus,1
litmus/PTX/Cadp/155_simple.litmus,1
litmus/PTX/Cadp/141_simple.litmus,1
litmus/PTX/Cadp/50_simple.litmus,1
litmus/PTX/Cadp/16_simple.litmus,1
litmus/PTX/Cadp/52_simple.litmus,1
litmus/PTX/Cadp/25_simple.litmus,1
litmus/PTX/Cadp/165_simple.litmus,1
litmus/PTX/Cadp/131_simple.litmus,1
litmus/PTX/Cadp/143_simple.litmus,1
litmus/PTX/Cadp/94_simple.litmus,1
litmus/PTX/Cadp/137_simple.litmus,1
litmus/PTX/Cadp/76_simple.litmus,1
litmus/PTX/Cadp/153_simple.litmus,1
litmus/PTX/Cadp/65_simple.litmus,1
litmus/PTX/Cadp/150_simple.litmus,1
litmus/PTX/Cadp/102_simple.litmus,1
litmus/PTX/Cadp/112_simple.litmus,1
litmus/PTX/Cadp/116_simple.litmus,1
litmus/PTX/Cadp/124_simple.litmus,1
litmus/PTX/Cadp/28_simple.litmus,1
litmus/PTX/Cadp/139_simple.litmus,1
litmus/PTX/Cadp/148_simple.litmus,1
litmus/PTX/Cadp/115_simple.litmus,1
litmus/PTX/Cadp/34_simple.litmus,1
litmus/PTX/Cadp/36_simple.litmus,1
litmus/PTX/Cadp/12_simple.litmus,1
litmus/PTX/Cadp/46_simple.litmus,1
litmus/PTX/Cadp/9_simple.litmus,1
litmus/PTX/Cadp/135_simple.litmus,1
litmus/PTX/Cadp/71_simple.litmus,1
litmus/PTX/Cadp/85_simple.litmus,1
litmus/PTX/Cadp/142_simple.litmus,1
litmus/PTX/Cadp/26_simple.litmus,1
litmus/PTX/Cadp/35_simple.litmus,1
litmus/PTX/Cadp/92_simple.litmus,1
litmus/PTX/Cadp/120_simple.litmus,1
litmus/PTX/Cadp/129_simple.litmus,1
litmus/PTX/Cadp/138_simple.litmus,1
litmus/PTX/Cadp/27_simple.litmus,1
litmus/PTX/Cadp/161_simple.litmus,1
litmus/PTX/Cadp/62_simple.litmus,1
litmus/PTX/Cadp/80_simple.litmus,1
litmus/PTX/Cadp/41_simple.litmus,1
litmus/PTX/Cadp/24_simple.litmus,1
litmus/PTX/Cadp/7_simple.litmus,1
litmus/PTX/Cadp/13_simple.litmus,1
litmus/PTX/Cadp/17_simple.litmus,1
litmus/PTX/Cadp/111_simple.litmus,1
litmus/PTX/Cadp/123_simple.litmus,1
litmus/PTX/Cadp/151_simple.litmus,1
litmus/PTX/Cadp/88_simple.litmus,1
litmus/PTX/Cadp/90_simple.litmus,1
litmus/PTX/Cadp/157_simple.litmus,1
litmus/PTX/Cadp/128_simple.litmus,1
litmus/PTX/Cadp/118_simple.litmus,1
litmus/PTX/Cadp/60_simple.litmus,1
litmus/PTX/Cadp/166_simple.litmus,1
litmus/PTX/Cadp/149_simple.litmus,1
litmus/PTX/Cadp/53_simple.litmus,1
litmus/PTX/Cadp/14_simple.litmus,1
litmus/PTX/Cadp/113_simple.litmus,1
litmus/PTX/Cadp/45_simple.litmus,1
litmus/PTX/Cadp/61_simple.litmus,1
litmus/PTX/Cadp/152_simple.litmus,1
litmus/PTX/Cadp/31_simple.litmus,1
litmus/PTX/Cadp/101_simple.litmus,1
litmus/PTX/Cadp/130_simple.litmus,1
litmus/PTX/Cadp/29_simple.litmus,1
litmus/PTX/Cadp/132_simple.litmus,1
litmus/PTX/Cadp/99_simple.litmus,1
litmus/PTX/Cadp/125_simple.litmus,1
litmus/PTX/Cadp/89_simple.litmus,1
litmus/PTX/Cadp/93_simple.litmus,1
litmus/PTX/Cadp/72_simple.litmus,1
litmus/PTX/Cadp/10_simple.litmus,1
litmus/PTX/Cadp/11_simple.litmus,1
litmus/PTX/Cadp/158_simple.litmus,1
litmus/PTX/Cadp/95_simple.litmus,1
litmus/PTX/Cadp/68_simple.litmus,1
litmus/PTX/Cadp/37_simple.litmus,1
litmus/PTX/Cadp/19_simple.litmus,1
litmus/PTX/Cadp/96_simple.litmus,1
litmus/PTX/Cadp/86_simple.litmus,1
litmus/PTX/Cadp/21_simple.litmus,1
litmus/PTX/Cadp/22_simple.litmus,1
litmus/PTX/Cadp/171_simple.litmus,1
litmus/PTX/Cadp/78_simple.litmus,1
litmus/PTX/Cadp/162_simple.litmus,1
litmus/PTX/Cadp/117_simple.litmus,1
litmus/PTX/Cadp/54_simple.litmus,1
litmus/PTX/Cadp/18_simple.litmus,1
litmus/PTX/Cadp/5_simple.litmus,1
litmus/PTX/Cadp/147_simple.litmus,1
litmus/PTX/Cadp/56_simple.litmus,1
litmus/PTX/Cadp/44_simple.litmus,1
litmus/PTX/Cadp/84_simple.litmus,1
litmus/PTX/Cadp/169_simple.litmus,1
litmus/PTX/Cadp/140_simple.litmus,1
litmus/PTX/Cadp/106_simple.litmus,1
litmus/PTX/Cadp/30_simple.litmus,1
litmus/PTX/Cadp/81_simple.litmus,1
litmus/PTX/Cadp/2_simple.litmus,1
litmus/PTX/Cadp/159_simple.litmus,1
litmus/PTX/Cadp/77_simple.litmus,1
litmus/PTX/Cadp/63_simple.litmus,1
litmus/PTX/Cadp/163_simple.litmus,1
litmus/PTX/Cadp/48_simple.litmus,1
litmus/PTX/Cadp/97_simple.litmus,1
litmus/PTX/Cadp/6_simple.litmus,1
litmus/PTX/Cadp/33_simple.litmus,1
litmus/PTX/Cadp/73_simple.litmus,1
litmus/PTX/Cadp/39_simple.litmus,1
litmus/PTX/Cadp/57_simple.litmus,1
litmus/PTX/Cadp/144_simple.litmus,1
litmus/PTX/Cadp/49_simple.litmus,1
litmus/PTX/Cadp/8_simple.litmus,1
litmus/PTX/Cadp/69_simple.litmus,1
litmus/PTX/Cadp/59_simple.litmus,1
litmus/PTX/Cadp/79_simple.litmus,1
litmus/PTX/Cadp/67_simple.litmus,1
litmus/PTX/Cadp/114_simple.litmus,1
litmus/PTX/Cadp/104_simple.litmus,1
litmus/PTX/Cadp/122_simple.litmus,1
litmus/PTX/Cadp/134_simple.litmus,1
litmus/PTX/Cadp/1_simple.litmus,1
litmus/PTX/Cadp/83_simple.litmus,1
litmus/PTX/Cadp/105_simple.litmus,1
litmus/PTX/Cadp/103_simple.litmus,1
litmus/PTX/Cadp/40_simple.litmus,1
litmus/PTX/Cadp/107_simple.litmus,1
litmus/PTX/Cadp/64_simple.litmus,1
litmus/PTX/Cadp/0_simple.litmus,1
litmus/PTX/Cadp/160_simple.litmus,1
litmus/PTX/Cadp/55_simple.litmus,1
litmus/PTX/Cadp/133_simple.litmus,1
litmus/PTX/Cadp/23_simple.litmus,1
litmus/PTX/Cadp/74_simple.litmus,1
litmus/PTX/Cadp/47_simple.litmus,1
litmus/PTX/Cadp/15_simple.litmus,1
litmus/PTX/Cadp/126_simple.litmus,1
litmus/PTX/Cadp/168_simple.litmus,1
litmus/PTX/Cadp/42_simple.litmus,1
litmus/PTX/Cadp/110_simple.litmus,1
litmus/PTX/Cadp/145_simple.litmus,1
litmus/PTX/Cadp/167_simple.litmus,1
litmus/PTX/Cadp/100_simple.litmus,1
litmus/PTX/Cadp/82_simple.litmus,1
litmus/PTX/Cadp/58_simple.litmus,1
litmus/PTX/Cadp/70_simple.litmus,1
litmus/PTX/Cadp/87_simple.litmus,1
litmus/PTX/Cadp/119_simple.litmus,1
litmus/PTX/Cadp/32_simple.litmus,1
litmus/PTX/Cadp/51_simple.litmus,1
litmus/PTX/Cadp/154_simple.litmus,1
litmus/PTX/Cadp/43_simple.litmus,1
litmus/PTX/Cadp/170_simple.litmus,1
litmus/PTX/Cadp/4_simple.litmus,1
litmus/PTX/Cadp/127_simple.litmus,1
litmus/PTX/Cadp/38_simple.litmus,1
litmus/PTX/Cadp/164_simple.litmus,1
litmus/PTX/Cadp/75_simple.litmus,1
litmus/PTX/Cadp/121_simple.litmus,1
litmus/PTX/Cadp/98_simple.litmus,1
litmus/PTX/Cadp/136_simple.litmus,1
litmus/PTX/Cadp/20_simple.litmus,1
litmus/PTX/Cadp/108_simple.litmus,1
litmus/PTX/Cadp/172_simple.litmus,1
